,file,SCORE:_x,pae_binder,pae_interaction,pae_interaction1,pae_interaction2,pae_target,plddt_binder,plddt_target,plddt_total,time,description_x,name_x,score,sequence,length,base_name,pLDDT_full,pLDDT_inpaint,linker_start,linker_end,has_cys,SCORE:_y,total_score,buns_heavy_ball_1.1D,contact_molec_sq5_apap_target,contact_molecular_surface,contact_molecular_surface_apap_target,contact_patch,ddg,ddg_hydrophobic,dslf_fa13,fa_atr,fa_atr_pocket,fa_dun_dev,fa_dun_rot,fa_dun_semi,fa_elec,fa_intra_atr_xover4,fa_intra_elec,fa_intra_rep_xover4,fa_intra_sol_xover4,fa_rep,fa_sol,hbond_bb_sc,hbond_lr_bb,hbond_sc,hbond_sr_bb,hxl_tors,hydrophobic_residue_contacts,interface_buried_sasa,interface_sc,interface_sc_int_area,interface_sc_median_dist,lk_ball,lk_ball_bridge,lk_ball_bridge_uncpl,lk_ball_iso,mismatch_probability,omega,p_aa_pp,postsap_score,presap_score,pro_close,rama_prepro,ref,sbuns5.0_heavy_ball_1.1D,score_per_res,score_per_res_linker,ss_sc,vbuns5.0_heavy_ball_1.1D,description_y,name_y,nickname
782,CSM8_249_7.sc,SCORE:,3.39,4.261,4.795,3.728,2.67,92.235,96.624,95.39,478.394,CSM8_normal_69_0_6_af2pred,CSM8_normal_69_0_6,1.1266,DREDVERLLRSVEWAIKAGDPYSARILVELAREDAEKIGDERLRREVEELLRELEELKKKLAALPKLPADGPHSMKYIETAISRPGLEEPRYISVGYVDNKEFVRFDSDAENPRYEPRAPWMEQEGPEYWERETQKAKGQEQWFRVSLRNLLGYYNQSAGGSHTLQQMSGCDLDENWRLVRGYLQFAYEGRDYIALNEDLKTWTAADMAAQITRRKWEQSGAAEHYKAYLEGECVEWLHRYLKNGNATL,249,CSM8_normal_69_0,0.9186172,0.5823237,58,70,FALSE,SCORE:,-849.226,0,3488.913,538.696,229.723,-1,-59.631,-19.114,-1.417,-1451.582,0,18.435,107.638,246.883,-541.64,-84.838,-57.689,21.439,58.215,131.926,1088.402,-25.562,-76.598,-41.418,-146.74,37.501,8,1813.503,0.681,1208.499,0.516,564.197,-2.244,-16.124,-596.077,0.069,4.774,-46.028,45.922,56.637,20.596,13.612,-74.888,0,-3.528,-3.678,0.803,1,CSM8_normal_69_0_6_af2pred_0001,CSM8_normal_69_0_6_af2pred,CSM8_normal_0
2517,CSM8_248_2.sc,SCORE:,3.879,4.733,5.476,3.99,2.715,90.001,96.466,94.667,471.988,CSM8_normal_83_0_5_af2pred,CSM8_normal_83_0_5,1.2834,DREDVERLLRSVEWAIKAGDPYSARILVELAREDAEKIGDERLRREVEELLRELEELKEELAKLKNPKGGPHSMKYIETAISRPGLEEPRYISVGYVDNKEFVRFDSDAENPRYEPRAPWMEQEGPEYWERETQKAKGQEQWFRVSLRNLLGYYNQSAGGSHTLQQMSGCDLDENWRLVRGYLQFAYEGRDYIALNEDLKTWTAADMAAQITRRKWEQSGAAEHYKAYLEGECVEWLHRYLKNGNATL,248,CSM8_normal_83_0,0.9078054,0.58212876,58,69,FALSE,SCORE:,-846.153,1,3568.556,542.263,235.263,-1,-59.812,-19.313,-1.34,-1452.209,0,17.666,106.366,245.269,-538.627,-84.774,-58.116,21.192,57.53,133.756,1087.985,-26.619,-74.554,-41.025,-146.844,37.345,8,1824.939,0.683,1224.711,0.521,561.338,-2.306,-17.027,-595.587,0.069,4.498,-47.006,45.292,56.204,25.393,16.434,-74.888,0,-3.555,-3.596,0.801,2,CSM8_normal_83_0_5_af2pred_0001,CSM8_normal_83_0_5_af2pred,CSM8_normal_1
10150,CSM8_249_5.sc,SCORE:,4.063,4.801,5.594,4.008,2.681,90.324,96.451,94.729,141.614,CSM8_normal_48_0_13_af2pred,CSM8_normal_48_0_13,1.2751,DREDVERLLRSVEWAIKAGDPYSARILVELAREDAEKIGDERLRREVEELLRELEELEAKKAALPKNPANGPHSMKYIETAISRPGLEEPRYISVGYVDNKEFVRFDSDAENPRYEPRAPWMEQEGPEYWERETQKAKGQEQWFRVSLRNLLGYYNQSAGGSHTLQQMSGCDLDENWRLVRGYLQFAYEGRDYIALNEDLKTWTAADMAAQITRRKWEQSGAAEHYKAYLEGECVEWLHRYLKNGNATL,249,CSM8_normal_48_0,0.892049,0.6436315,58,70,FALSE,SCORE:,-846.918,2,3560.521,543.865,230.73,-1,-60.864,-19.406,-1.343,-1451.868,0,18.045,110.227,244.064,-534.046,-83.671,-57.272,20.453,56.38,133.544,1085.897,-25.411,-74.403,-36.606,-147.386,37.539,8,1833.401,0.681,1221.464,0.51,555.788,-2.279,-16.762,-595.151,0.069,3.957,-47.103,46.014,56.791,20.51,14.867,-74.888,1,-3.597,-3.816,0.806,2,CSM8_normal_48_0_13_af2pred_0001,CSM8_normal_48_0_13_af2pred,CSM8_normal_10
10160,CSM8_249_5.sc,SCORE:,3.008,3.872,4.255,3.488,2.637,93.944,96.845,96.03,141.539,CSM8_normal_4_0_10_af2pred,CSM8_normal_4_0_10,1.1443,DREDVERLLRSVEWAIKAGDPYSARILVELAREDAEKIGDERLRREVEELLRELEELEEELARLPKLPPDGPHSMKYIETAISRPGLEEPRYISVGYVDNKEFVRFDSDAENPRYEPRAPWMEQEGPEYWERETQKAKGQEQWFRVSLRNLLGYYNQSAGGSHTLQQMSGCDLDENWRLVRGYLQFAYEGRDYIALNEDLKTWTAADMAAQITRRKWEQSGAAEHYKAYLEGECVEWLHRYLKNGNATL,249,CSM8_normal_4_0,0.90077496,0.6295184,58,70,FALSE,SCORE:,-852.086,1,3664.901,544.347,236.693,-1,-59.863,-19.345,-1.394,-1455.953,0,17.633,107.91,245.47,-541.884,-84.201,-57.185,20.943,57.349,132.744,1090.328,-26.754,-76.502,-39.105,-146.723,37.539,8,1795.855,0.687,1217.921,0.508,563.502,-2.153,-16.022,-597.187,0.069,4.613,-45.623,45.84,56.741,22.095,13.364,-74.888,1,-3.549,-3.63,0.809,1,CSM8_normal_4_0_10_af2pred_0001,CSM8_normal_4_0_10_af2pred,CSM8_normal_11
10762,CSM8_248_4.sc,SCORE:,3.332,4.328,4.882,3.773,2.687,92.372,96.586,95.414,456.391,CSM8_normal_55_0_14_af2pred,CSM8_normal_55_0_14,1.2032,DREDVERLLRSVEWAIKAGDPYSARILVELAREDAEKIGDERLRREVEELLRELEELERRLAALKHEPGGPHSMKYIETAISRPGLEEPRYISVGYVDNKEFVRFDSDAENPRYEPRAPWMEQEGPEYWERETQKAKGQEQWFRVSLRNLLGYYNQSAGGSHTLQQMSGCDLDENWRLVRGYLQFAYEGRDYIALNEDLKTWTAADMAAQITRRKWEQSGAAEHYKAYLEGECVEWLHRYLKNGNATL,248,CSM8_normal_55_0,0.9161734,0.56608754,58,69,FALSE,SCORE:,-846.43,2,3498.728,545.686,230.304,-1,-60.123,-19.462,-1.402,-1450.468,0,17.241,106.78,246.322,-540.443,-84.837,-57.457,20.887,57.197,132.061,1085.419,-26.562,-76.019,-37.017,-146.984,37.539,8,1791.357,0.682,1228.292,0.524,560.786,-2.148,-16.092,-595.036,0.069,4.159,-46.588,45.609,56.276,27.448,13.671,-74.888,1,-3.551,-3.587,0.804,2,CSM8_normal_55_0_14_af2pred_0001,CSM8_normal_55_0_14_af2pred,CSM8_normal_12
11750,CSM8_249_1.sc,SCORE:,3.312,4.184,4.691,3.678,2.659,92.518,96.684,95.513,175.769,CSM8_normal_72_0_1_af2pred,CSM8_normal_72_0_1,1.3485,DREDVERLLRSVEWAIKAGDPYSARILVELAREDAEKIGDERLRREVEELLRELEELKKKLANLPKLPADGPHSMKYIETAISRPGLEEPRYISVGYVDNKEFVRFDSDAENPRYEPRAPWMEQEGPEYWERETQKAKGQEQWFRVSLRNLLGYYNQSAGGSHTLQQMSGCDLDENWRLVRGYLQFAYEGRDYIALNEDLKTWTAADMAAQITRRKWEQSGAAEHYKAYLEGECVEWLHRYLKNGNATL,249,CSM8_normal_72_0,0.8997913,0.6188406,58,70,FALSE,SCORE:,-848.915,0,3517.917,555.094,232.382,-1,-63.52,-19.363,-1.325,-1452.851,0,20.214,107.88,246.699,-536.273,-83.897,-58.495,20.838,57.452,133.811,1083.973,-26.738,-72.669,-41.488,-147.079,36.333,8,1812.398,0.687,1224.032,0.489,560.429,-2.243,-16.127,-594.879,0.069,4.938,-46.32,46.257,56.557,18.744,15.048,-74.888,0,-3.575,-3.762,0.806,1,CSM8_normal_72_0_1_af2pred_0001,CSM8_normal_72_0_1_af2pred,CSM8_normal_13
11753,CSM8_249_1.sc,SCORE:,3.242,4.108,4.596,3.621,2.632,92.735,96.787,95.648,157.05,CSM8_normal_72_0_4_af2pred,CSM8_normal_72_0_4,1.2896,DREDVERLLRSVEWAIKAGDPYSARILVELAREDAEKIGDERLRREVEELLRELEELKKKLANLPKLPANGPHSMKYIETAISRPGLEEPRYISVGYVDNKEFVRFDSDAENPRYEPRAPWMEQEGPEYWERETQKAKGQEQWFRVSLRNLLGYYNQSAGGSHTLQQMSGCDLDENWRLVRGYLQFAYEGRDYIALNEDLKTWTAADMAAQITRRKWEQSGAAEHYKAYLEGECVEWLHRYLKNGNATL,249,CSM8_normal_72_0,0.8997913,0.6188406,58,70,FALSE,SCORE:,-853.396,1,3541.138,543.32,232.731,-1,-60.141,-19.137,-1.411,-1453.032,0,17.726,106.955,246.06,-541.07,-83.973,-57.621,21.003,57.472,133.378,1087.253,-26.231,-76.432,-41.141,-147.227,37.463,8,1841.03,0.675,1223.665,0.519,561.975,-2.443,-17.47,-595.607,0.069,4.769,-46.296,45.029,56.046,23.836,13.556,-74.888,1,-3.568,-3.653,0.808,2,CSM8_normal_72_0_4_af2pred_0001,CSM8_normal_72_0_4_af2pred,CSM8_normal_14
13343,CSM8_249_0.sc,SCORE:,2.919,3.756,4.091,3.42,2.602,94.247,96.952,96.192,162.879,CSM8_normal_28_0_15_af2pred,CSM8_normal_28_0_15,1.0953,DREDVERLLRSVEWAIKAGDPYSARILVELAREDAEKIGDERLRREVEELLRELEELEAELAALPKLPANGPHSMKYIETAISRPGLEEPRYISVGYVDNKEFVRFDSDAENPRYEPRAPWMEQEGPEYWERETQKAKGQEQWFRVSLRNLLGYYNQSAGGSHTLQQMSGCDLDENWRLVRGYLQFAYEGRDYIALNEDLKTWTAADMAAQITRRKWEQSGAAEHYKAYLEGECVEWLHRYLKNGNATL,249,CSM8_normal_28_0,0.9104633,0.59780794,58,70,FALSE,SCORE:,-850.765,1,3499.758,543.199,232.54,-1,-59.794,-19.007,-1.402,-1455.897,0,17.664,107.546,245.976,-540.939,-84.035,-57.017,21.053,57.292,133.751,1089.133,-26.735,-76.353,-38.699,-146.851,37.629,8,1802.86,0.678,1213.414,0.511,561.459,-2.212,-16.167,-596.799,0.069,4.637,-46.309,45.528,56.33,23.675,13.724,-74.888,0,-3.533,-3.584,0.807,2,CSM8_normal_28_0_15_af2pred_0001,CSM8_normal_28_0_15_af2pred,CSM8_normal_15
13363,CSM8_249_0.sc,SCORE:,3.296,4.065,4.556,3.574,2.641,93.139,96.766,95.747,162.422,CSM8_normal_42_0_3_af2pred,CSM8_normal_42_0_3,1.0781,DREDVERLLRSVEWAIKAGDPYSARILVELAREDAEKIGDERLRREVEELLRELEELEKKLAALPKLPEGGPHSMKYIETAISRPGLEEPRYISVGYVDNKEFVRFDSDAENPRYEPRAPWMEQEGPEYWERETQKAKGQEQWFRVSLRNLLGYYNQSAGGSHTLQQMSGCDLDENWRLVRGYLQFAYEGRDYIALNEDLKTWTAADMAAQITRRKWEQSGAAEHYKAYLEGECVEWLHRYLKNGNATL,249,CSM8_normal_42_0,0.9023426,0.6262238,58,70,FALSE,SCORE:,-848.576,1,3542.935,542.699,232.283,-1,-60.094,-19.077,-1.345,-1453.754,0,18.119,107.186,244.276,-539.869,-84.549,-55.801,20.732,57.414,131.952,1089.28,-26.108,-76.321,-38.918,-146.627,37.489,8,1808.073,0.692,1219.775,0.509,562.212,-2.136,-15.902,-596.34,0.069,4.143,-45.967,45.672,56.406,23.536,13.611,-74.888,0,-3.583,-3.631,0.815,2,CSM8_normal_42_0_3_af2pred_0001,CSM8_normal_42_0_3_af2pred,CSM8_normal_16
13407,CSM8_250_5.sc,SCORE:,4.528,4.917,5.73,4.105,2.749,90.173,96.305,94.563,157.785,CSM8_normal_66_0_15_af2pred,CSM8_normal_66_0_15,1.6997,DREDVERLLRSVEWAIKAGDPYSARILVELAREDAEKIGDERLRREVEELLRELEELEKELKERKPDSVPGGPHSMKYIETAISRPGLEEPRYISVGYVDNKEFVRFDSDAENPRYEPRAPWMEQEGPEYWERETQKAKGQEQWFRVSLRNLLGYYNQSAGGSHTLQQMSGCDLDENWRLVRGYLQFAYEGRDYIALNEDLKTWTAADMAAQITRRKWEQSGAAEHYKAYLEGECVEWLHRYLKNGNATL,250,CSM8_normal_66_0,0.91186297,0.45901147,58,71,FALSE,SCORE:,-848.477,2,3547.841,549.935,232.51,-1,-60.253,-19.168,-1.349,-1452.77,0,18.203,107.752,244.924,-541.854,-84.483,-57.373,21.09,57.016,132.024,1089.752,-25.622,-75.642,-37.198,-146.937,37.452,8,1790.303,0.678,1230.358,0.511,562.483,-2.113,-15.424,-596.465,0.069,4.171,-46.891,46.408,57.128,21.147,14.519,-74.888,1,-3.583,-3.642,0.809,1,CSM8_normal_66_0_15_af2pred_0001,CSM8_normal_66_0_15_af2pred,CSM8_normal_17
22342,CSM8_247_2.sc,SCORE:,4.062,4.722,5.58,3.864,2.693,90.166,96.623,94.845,138.641,CSM8_normal_23_0_1_af2pred,CSM8_normal_23_0_1,1.5075,DREDVERLLRSVEWAIKAGDPYSARILVELAREDAEKIGDERLRREVEELLRELEELEAKPDEKQEPDGPHSMKYIETAISRPGLEEPRYISVGYVDNKEFVRFDSDAENPRYEPRAPWMEQEGPEYWERETQKAKGQEQWFRVSLRNLLGYYNQSAGGSHTLQQMSGCDLDENWRLVRGYLQFAYEGRDYIALNEDLKTWTAADMAAQITRRKWEQSGAAEHYKAYLEGECVEWLHRYLKNGNATL,247,CSM8_normal_23_0,0.9061776,0.5169307,58,68,FALSE,SCORE:,-850.733,2,3571.516,545.058,233.502,-1,-59.601,-19.198,-1.424,-1453.952,0,17.291,106.201,244.457,-543.263,-84.397,-58.136,20.72,56.619,133.335,1091.49,-27.838,-76.517,-38.487,-146.581,37.438,8,1824.627,0.685,1226.366,0.522,563.22,-2.207,-16.468,-596.983,0.069,4.4,-45.951,45.538,56.52,27.078,14.113,-74.888,1,-3.555,-3.896,0.804,2,CSM8_normal_23_0_1_af2pred_0001,CSM8_normal_23_0_1_af2pred,CSM8_normal_18
22346,CSM8_247_2.sc,SCORE:,3.938,4.66,5.483,3.838,2.663,90.288,96.651,94.899,148.192,CSM8_normal_23_0_6_af2pred,CSM8_normal_23_0_6,1.4473,DREDVERLLRSVEWAIKAGDPYSARILVELAREDAEKIGDERLRREVEELLRELEELEAKPPKPQAPNGPHSMKYIETAISRPGLEEPRYISVGYVDNKEFVRFDSDAENPRYEPRAPWMEQEGPEYWERETQKAKGQEQWFRVSLRNLLGYYNQSAGGSHTLQQMSGCDLDENWRLVRGYLQFAYEGRDYIALNEDLKTWTAADMAAQITRRKWEQSGAAEHYKAYLEGECVEWLHRYLKNGNATL,247,CSM8_normal_23_0,0.9061776,0.5169307,58,68,FALSE,SCORE:,-846.043,1,3571.708,542.242,233.786,-1,-60.533,-19.54,-1.341,-1454.439,0,18.101,109.127,243.882,-542.367,-84.414,-55.911,20.706,56.734,131.917,1092.109,-28.188,-75.256,-37.859,-146.642,37.443,8,1787.645,0.688,1212.735,0.511,562.984,-2.186,-16.658,-597.118,0.069,4.214,-46.41,46.413,57.497,26.179,14.239,-74.888,1,-3.58,-3.935,0.807,1,CSM8_normal_23_0_6_af2pred_0001,CSM8_normal_23_0_6_af2pred,CSM8_normal_19
2521,CSM8_248_2.sc,SCORE:,3.562,4.589,5.204,3.973,2.723,90.765,96.385,94.821,151.527,CSM8_normal_83_0_9_af2pred,CSM8_normal_83_0_9,1.2777,DREDVERLLRSVEWAIKAGDPYSARILVELAREDAEKIGDERLRREVEELLRELEELKKELAALKNAPGGPHSMKYIETAISRPGLEEPRYISVGYVDNKEFVRFDSDAENPRYEPRAPWMEQEGPEYWERETQKAKGQEQWFRVSLRNLLGYYNQSAGGSHTLQQMSGCDLDENWRLVRGYLQFAYEGRDYIALNEDLKTWTAADMAAQITRRKWEQSGAAEHYKAYLEGECVEWLHRYLKNGNATL,248,CSM8_normal_83_0,0.9078054,0.58212876,58,69,FALSE,SCORE:,-846.519,1,3503.01,542.996,232.502,-1,-59.701,-19.181,-1.354,-1453.319,0,19.014,104.625,244.826,-541.812,-84.758,-57.612,21.254,57.757,133.582,1092.67,-27.992,-73.071,-41.133,-147.003,37.383,8,1836.855,0.683,1225.034,0.522,565.033,-2.281,-17.292,-597.408,0.069,4.418,-46.368,46.015,56.657,21.53,17.68,-74.888,0,-3.514,-3.606,0.802,2,CSM8_normal_83_0_9_af2pred_0001,CSM8_normal_83_0_9_af2pred,CSM8_normal_2
22348,CSM8_247_2.sc,SCORE:,3.984,4.704,5.55,3.858,2.671,90.095,96.672,94.861,152.957,CSM8_normal_23_0_8_af2pred,CSM8_normal_23_0_8,1.4215,DREDVERLLRSVEWAIKAGDPYSARILVELAREDAEKIGDERLRREVEELLRELEELEAKPAEKQEPNGPHSMKYIETAISRPGLEEPRYISVGYVDNKEFVRFDSDAENPRYEPRAPWMEQEGPEYWERETQKAKGQEQWFRVSLRNLLGYYNQSAGGSHTLQQMSGCDLDENWRLVRGYLQFAYEGRDYIALNEDLKTWTAADMAAQITRRKWEQSGAAEHYKAYLEGECVEWLHRYLKNGNATL,247,CSM8_normal_23_0,0.9061776,0.5169307,58,68,FALSE,SCORE:,-843.707,0,3604.011,543.798,236.11,-1,-59.98,-19.424,-1.313,-1450.208,0,16.872,105.811,243.681,-535.391,-84.568,-58.169,20.767,56.644,132.866,1087.323,-26.911,-72.869,-38.189,-147.23,37.503,8,1821.909,0.687,1221.42,0.515,559.05,-2.206,-16.52,-594.95,0.069,4.618,-46.397,46.394,57.407,25.462,15.507,-74.888,0,-3.56,-3.884,0.805,0,CSM8_normal_23_0_8_af2pred_0001,CSM8_normal_23_0_8_af2pred,CSM8_normal_20
29477,CSM8_246_0.sc,SCORE:,2.95,4.093,4.473,3.713,2.733,93.071,96.534,95.591,157.835,CSM8_normal_97_0_1_af2pred,CSM8_normal_97_0_1,0.9258,DREDVERLLRSVEWAIKAGDPYSARILVELAREDAEKIGDERLRREVEELLRELEELEKKLAALKPSGPHSMKYIETAISRPGLEEPRYISVGYVDNKEFVRFDSDAENPRYEPRAPWMEQEGPEYWERETQKAKGQEQWFRVSLRNLLGYYNQSAGGSHTLQQMSGCDLDENWRLVRGYLQFAYEGRDYIALNEDLKTWTAADMAAQITRRKWEQSGAAEHYKAYLEGECVEWLHRYLKNGNATL,246,CSM8_normal_97_0,0.87588257,0.68468153,58,67,FALSE,SCORE:,-846.181,2,3514.712,534.536,232.811,-1,-59.508,-19.141,-1.377,-1450.218,0,17.693,106.109,244.23,-537.647,-84.648,-57.248,20.64,57.179,131.988,1087.789,-26.979,-76.448,-37.371,-146.551,37.604,8,1817.23,0.676,1222.796,0.528,561.577,-2.062,-16,-595.646,0.069,4.259,-46.179,46.181,56.971,24.176,13.838,-74.888,1,-3.558,-4.098,0.815,2,CSM8_normal_97_0_1_af2pred_0001,CSM8_normal_97_0_1_af2pred,CSM8_normal_21
30948,CSM8_246_1.sc,SCORE:,2.984,4.111,4.51,3.711,2.739,93.012,96.535,95.575,487.297,CSM8_normal_54_0_7_af2pred,CSM8_normal_54_0_7,1.0994,DREDVERLLRSVEWAIKAGDPYSARILVELAREDAEKIGDERLRREVEELLRELEELEERLAKLKPSGPHSMKYIETAISRPGLEEPRYISVGYVDNKEFVRFDSDAENPRYEPRAPWMEQEGPEYWERETQKAKGQEQWFRVSLRNLLGYYNQSAGGSHTLQQMSGCDLDENWRLVRGYLQFAYEGRDYIALNEDLKTWTAADMAAQITRRKWEQSGAAEHYKAYLEGECVEWLHRYLKNGNATL,246,CSM8_normal_54_0,0.87942225,0.6795101,58,67,FALSE,SCORE:,-845.301,1,3519.295,543.005,233.113,-1,-59.511,-19.271,-1.382,-1453.105,0,17.242,106.133,244.007,-540.647,-84.576,-57.758,20.876,57.127,133.035,1091.72,-27.736,-74.792,-37.268,-146.168,37.504,8,1822.742,0.681,1218.143,0.517,561.701,-2.137,-16.764,-597.316,0.069,4.127,-46.491,46.418,57.208,26.244,16.012,-74.888,1,-3.548,-3.873,0.803,1,CSM8_normal_54_0_7_af2pred_0001,CSM8_normal_54_0_7_af2pred,CSM8_normal_22
30952,CSM8_246_1.sc,SCORE:,2.914,4.053,4.427,3.679,2.729,93.237,96.561,95.656,141.53,CSM8_normal_54_0_16_af2pred,CSM8_normal_54_0_16,0.9092,DREDVERLLRSVEWAIKAGDPYSARILVELAREDAEKIGDERLRREVEELLRELEELEKRLAALKPSGPHSMKYIETAISRPGLEEPRYISVGYVDNKEFVRFDSDAENPRYEPRAPWMEQEGPEYWERETQKAKGQEQWFRVSLRNLLGYYNQSAGGSHTLQQMSGCDLDENWRLVRGYLQFAYEGRDYIALNEDLKTWTAADMAAQITRRKWEQSGAAEHYKAYLEGECVEWLHRYLKNGNATL,246,CSM8_normal_54_0,0.87942225,0.6795101,58,67,FALSE,SCORE:,-856.281,3,3604.112,550.391,247.437,-1,-59.934,-19.447,-1.384,-1451.559,0,16.893,106.212,244.014,-539.202,-84.728,-57.173,20.825,57.219,132.266,1088.745,-26.806,-76.189,-37.375,-146.94,36.349,8,1833.027,0.683,1217.67,0.504,562.19,-2.139,-16.487,-596.078,0.069,3.75,-46.738,46.06,56.912,19.117,13.825,-74.888,1,-3.574,-4.076,0.799,2,CSM8_normal_54_0_16_af2pred_0001,CSM8_normal_54_0_16_af2pred,CSM8_normal_23
3046,CSM8_248_3.sc,SCORE:,3.487,4.455,5.023,3.888,2.709,91.67,96.522,95.172,465.217,CSM8_normal_85_0_9_af2pred,CSM8_normal_85_0_9,1.28,DREDVERLLRSVEWAIKAGDPYSARILVELAREDAEKIGDERLRREVEELLRELEELKKKLKKIKGKPGGPHSMKYIETAISRPGLEEPRYISVGYVDNKEFVRFDSDAENPRYEPRAPWMEQEGPEYWERETQKAKGQEQWFRVSLRNLLGYYNQSAGGSHTLQQMSGCDLDENWRLVRGYLQFAYEGRDYIALNEDLKTWTAADMAAQITRRKWEQSGAAEHYKAYLEGECVEWLHRYLKNGNATL,248,CSM8_normal_85_0,0.92290026,0.53234184,58,69,FALSE,SCORE:,-854.312,1,3524.055,542.301,230.841,-1,-59.67,-19.272,-1.372,-1451.538,0,18.14,106.874,246.26,-543.311,-84.71,-57.234,20.804,57.588,132.004,1088.061,-26.83,-76.008,-38.63,-146.773,37.527,8,1794.239,0.685,1221.547,0.508,562.891,-2.256,-16.48,-596.027,0.069,4.396,-47.101,46.08,56.753,21.004,13.298,-74.888,1,-3.591,-3.719,0.795,2,CSM8_normal_85_0_9_af2pred_0001,CSM8_normal_85_0_9_af2pred,CSM8_normal_3
3134,CSM8_248_3.sc,SCORE:,3.204,4.156,4.658,3.655,2.661,92.818,96.685,95.609,153.559,CSM8_normal_55_0_7_af2pred,CSM8_normal_55_0_7,1.2053,DREDVERLLRSVEWAIKAGDPYSARILVELAREDAEKIGDERLRREVEELLRELEELEAELAALKHEPGGPHSMKYIETAISRPGLEEPRYISVGYVDNKEFVRFDSDAENPRYEPRAPWMEQEGPEYWERETQKAKGQEQWFRVSLRNLLGYYNQSAGGSHTLQQMSGCDLDENWRLVRGYLQFAYEGRDYIALNEDLKTWTAADMAAQITRRKWEQSGAAEHYKAYLEGECVEWLHRYLKNGNATL,248,CSM8_normal_55_0,0.9161734,0.56608754,58,69,FALSE,SCORE:,-851.153,2,3561.547,544.592,233.215,-1,-60.763,-19.491,-1.381,-1455.851,0,16.941,105.659,245.125,-544.418,-85.187,-56,21.405,57.65,131.846,1091.135,-27.476,-75.866,-38.501,-146.428,37.506,8,1813.05,0.687,1216.906,0.513,563.699,-2.065,-15.593,-597.31,0.069,4.421,-46.045,45.294,56.14,25.036,15.435,-74.888,1,-3.561,-3.617,0.817,2,CSM8_normal_55_0_7_af2pred_0001,CSM8_normal_55_0_7_af2pred,CSM8_normal_4
6819,CSM8_248_1.sc,SCORE:,3.448,4.357,4.911,3.803,2.71,91.829,96.495,95.197,156.047,CSM8_normal_46_0_6_af2pred,CSM8_normal_46_0_6,1.2089,DREDVERLLRSVEWAIKAGDPYSARILVELAREDAEKIGDERLRREVEELLRELEELEKELKTIKGVPGGPHSMKYIETAISRPGLEEPRYISVGYVDNKEFVRFDSDAENPRYEPRAPWMEQEGPEYWERETQKAKGQEQWFRVSLRNLLGYYNQSAGGSHTLQQMSGCDLDENWRLVRGYLQFAYEGRDYIALNEDLKTWTAADMAAQITRRKWEQSGAAEHYKAYLEGECVEWLHRYLKNGNATL,248,CSM8_normal_46_0,0.9290159,0.52560264,58,69,FALSE,SCORE:,-853.374,1,3558.907,543.748,234.254,-1,-60.319,-19.458,-1.405,-1455.252,0,17.299,105.812,244.333,-544.835,-84.622,-56.359,20.98,57.007,132.558,1091.313,-28.027,-76.191,-37.833,-146.665,37.472,8,1828.255,0.692,1217.569,0.508,563.892,-2.251,-16.576,-597.245,0.069,4.344,-46.293,45.781,56.747,25.864,14.195,-74.888,0,-3.593,-3.624,0.814,2,CSM8_normal_46_0_6_af2pred_0001,CSM8_normal_46_0_6_af2pred,CSM8_normal_5
8539,CSM8_248_0.sc,SCORE:,2.729,3.706,4.009,3.402,2.61,94.26,96.912,96.174,164.987,CSM8_normal_30_0_4_af2pred,CSM8_normal_30_0_4,1.1929,DREDVERLLRSVEWAIKAGDPYSARILVELAREDAEKIGDERLRREVEELLRELEELEKEQAALVPDPNGPHSMKYIETAISRPGLEEPRYISVGYVDNKEFVRFDSDAENPRYEPRAPWMEQEGPEYWERETQKAKGQEQWFRVSLRNLLGYYNQSAGGSHTLQQMSGCDLDENWRLVRGYLQFAYEGRDYIALNEDLKTWTAADMAAQITRRKWEQSGAAEHYKAYLEGECVEWLHRYLKNGNATL,248,CSM8_normal_30_0,0.8721785,0.65552616,58,69,FALSE,SCORE:,-849.373,1,3623.443,544.513,234.935,-1,-59.778,-19.266,-1.402,-1454.934,0,17.46,108.214,245.817,-541.262,-84.544,-57.911,21.069,57.328,133.531,1087.64,-27.807,-76.457,-37.074,-146.608,37.446,8,1782.495,0.672,1226.831,0.52,563.191,-2.039,-15.471,-596.455,0.069,4.842,-46.075,45.241,56.069,22.847,14.17,-74.888,1,-3.516,-3.706,0.814,1,CSM8_normal_30_0_4_af2pred_0001,CSM8_normal_30_0_4_af2pred,CSM8_normal_6
8599,CSM8_248_0.sc,SCORE:,3.586,4.468,5.073,3.864,2.711,91.231,96.515,95.045,165.876,CSM8_normal_96_0_1_af2pred,CSM8_normal_96_0_1,1.2566,DREDVERLLRSVEWAIKAGDPYSARILVELAREDAEKIGDERLRREVEELLRELEELKKELAELKNEPGGPHSMKYIETAISRPGLEEPRYISVGYVDNKEFVRFDSDAENPRYEPRAPWMEQEGPEYWERETQKAKGQEQWFRVSLRNLLGYYNQSAGGSHTLQQMSGCDLDENWRLVRGYLQFAYEGRDYIALNEDLKTWTAADMAAQITRRKWEQSGAAEHYKAYLEGECVEWLHRYLKNGNATL,248,CSM8_normal_96_0,0.9196093,0.54944104,58,69,FALSE,SCORE:,-850.229,1,3557.292,542.405,233.685,-1,-60.007,-19.173,-1.421,-1452.305,0,18.314,104.946,246.385,-544.59,-84.748,-57.239,21.136,57.425,133.537,1090.732,-27.717,-76.347,-41.192,-146.938,37.445,8,1816.884,0.686,1218.786,0.518,564.063,-2.266,-16.476,-596.42,0.069,4.444,-46.632,45.955,56.94,25.047,15.473,-74.888,0,-3.511,-3.586,0.792,1,CSM8_normal_96_0_1_af2pred_0001,CSM8_normal_96_0_1_af2pred,CSM8_normal_7
10144,CSM8_249_5.sc,SCORE:,3.008,3.839,4.206,3.472,2.633,94.028,96.833,96.044,150.8,CSM8_normal_48_0_7_af2pred,CSM8_normal_48_0_7,1.1779,DREDVERLLRSVEWAIKAGDPYSARILVELAREDAEKIGDERLRREVEELLRELEELEAELAALPKLPADGPHSMKYIETAISRPGLEEPRYISVGYVDNKEFVRFDSDAENPRYEPRAPWMEQEGPEYWERETQKAKGQEQWFRVSLRNLLGYYNQSAGGSHTLQQMSGCDLDENWRLVRGYLQFAYEGRDYIALNEDLKTWTAADMAAQITRRKWEQSGAAEHYKAYLEGECVEWLHRYLKNGNATL,249,CSM8_normal_48_0,0.892049,0.6436315,58,70,FALSE,SCORE:,-853.293,1,3542.718,546.917,234.207,-1,-59.827,-19.024,-1.408,-1456.401,0,17.901,107.02,245.976,-540.12,-84.088,-56.896,20.939,57.255,133.389,1089.129,-26.657,-76.618,-39.008,-146.972,37.609,8,1821.491,0.677,1223.619,0.512,560.166,-2.249,-16.745,-596.959,0.069,4.698,-45.815,45.38,56.132,23.349,14.1,-74.888,1,-3.536,-3.683,0.808,1,CSM8_normal_48_0_7_af2pred_0001,CSM8_normal_48_0_7_af2pred,CSM8_normal_8
10147,CSM8_249_5.sc,SCORE:,3.343,4.064,4.562,3.566,2.652,93.128,96.749,95.732,157.792,CSM8_normal_48_0_10_af2pred,CSM8_normal_48_0_10,1.0794,DREDVERLLRSVEWAIKAGDPYSARILVELAREDAEKIGDERLRREVEELLRELEELEKELAALPKRPADGPHSMKYIETAISRPGLEEPRYISVGYVDNKEFVRFDSDAENPRYEPRAPWMEQEGPEYWERETQKAKGQEQWFRVSLRNLLGYYNQSAGGSHTLQQMSGCDLDENWRLVRGYLQFAYEGRDYIALNEDLKTWTAADMAAQITRRKWEQSGAAEHYKAYLEGECVEWLHRYLKNGNATL,249,CSM8_normal_48_0,0.892049,0.6436315,58,70,FALSE,SCORE:,-847.002,0,3554.125,544.459,234.155,-1,-59.77,-19.336,-1.295,-1453.362,0,18.031,110.196,245.407,-538.747,-84.434,-56.754,20.851,57.526,132.343,1088.756,-27.068,-74.696,-39.373,-146.896,37.58,8,1790.417,0.681,1211.208,0.504,560.981,-2.082,-15.476,-596.15,0.069,4.267,-46.6,47.095,57.859,20.311,14.572,-74.888,0,-3.529,-3.791,0.808,0,CSM8_normal_48_0_10_af2pred_0001,CSM8_normal_48_0_10_af2pred,CSM8_normal_9